price,short_description,color,image_source,general_description,size,material,manufacturer_location,manufacturer_name,manufacturer_address,manufacturer_num_workers,brand
$39.99,Oversized Shirt,Denim blue,https://lp2.hm.com/hmgoepprod?set=quality%5B79%5D%2Csource%5B%2F69%2Fd5%2F69d577a2cbb2cfa6ff2b67e3f26f69af86b3dda1.jpg%5D%2Corigin%5Bdam%5D%2Ccategory%5B%5D%2Ctype%5BLOOKBOOK%5D%2Cres%5Bm%5D%2Chmver%5B1%5D&call=url[file:/product/main],"Oversized shirt in soft, cotton-blend denim. Collar, buttons at front, yoke at back with box pleat, and open chest pocket. Dropped shoulders and wide sleeves with button at cuffs.",FitOversized,CompositionCotton 100%,Bangladesh,CUTTING EDGE INDUSTRIES LTD,"1612, Dakhin Salna, Salna Bazar, Sadar, 1702, Gazipur",3501-4000,H&M
$19.99,Peplum Shirt,White,https://lp2.hm.com/hmgoepprod?set=quality%5B79%5D%2Csource%5B%2Fcc%2F53%2Fcc53904e54329e725c9899c56906a129340630b0.jpg%5D%2Corigin%5Bdam%5D%2Ccategory%5B%5D%2Ctype%5BLOOKBOOK%5D%2Cres%5Bm%5D%2Chmver%5B1%5D&call=url[file:/product/main],"Shirt in woven cotton fabric with a collar, buttons at front, and long sleeves with button at cuffs. Wide, gathered peplum.",,CompositionCotton 100%,India,GOKALDAS EXPORTS LTD,"NH 206, HINDISKERE GATE, 572201, TIPTUR",501-1000,H&M
$34.99,Denim Shirt,Light denim blue,https://lp2.hm.com/hmgoepprod?set=quality%5B79%5D%2Csource%5B%2Fad%2Ff0%2Fadf003951830019390631247a35fb200c7f5b838.jpg%5D%2Corigin%5Bdam%5D%2Ccategory%5Bladies_shirtsblouses_shirts%5D%2Ctype%5BLOOKBOOK%5D%2Cres%5Bm%5D%2Chmver%5B1%5D&call=url[file:/product/main],"Shirt in soft, washed denim. Collar, snap fasteners at front, and chest pockets with flap and snap fastener. Decorative seam at shoulders and long sleeves with snap fastener at cuffs. Rounded hem. Polyester content is partly recycled.",,CompositionCotton 100%,Bangladesh,CUTTING EDGE INDUSTRIES LTD,"1612, Dakhin Salna, Salna Bazar, Sadar, 1702, Gazipur",3501-4000,H&M
$29.99,Oversized Corduroy Shirt,Beige,https://lp2.hm.com/hmgoepprod?set=quality%5B79%5D%2Csource%5B%2F9c%2F8e%2F9c8e455a39674d79859b85b4fe0ea28e6147fc91.jpg%5D%2Corigin%5Bdam%5D%2Ccategory%5B%5D%2Ctype%5BLOOKBOOK%5D%2Cres%5Bm%5D%2Chmver%5B2%5D&call=url[file:/product/main],"Oversized shirt in cotton corduroy. Collar, covered buttons at front, and large, open chest pockets. Dropped shoulders, long, wide sleeves, and covered button at cuffs. Rounded hem.",FitOversized,CompositionCotton 100%,China,GOLD STAR FASHION LIMITED,"South of Shuguang Road, Wenshang City, 272000, Jining",101-500,H&M
$19.99,Cotton Shirt,Black/white plaid,https://lp2.hm.com/hmgoepprod?set=quality%5B79%5D%2Csource%5B%2Fd9%2F38%2Fd9389bc9278fde99b3ec97d9c946e189cc30f3a1.jpg%5D%2Corigin%5Bdam%5D%2Ccategory%5Bladies_shirtsblouses_shirts%5D%2Ctype%5BLOOKBOOK%5D%2Cres%5Bm%5D%2Chmver%5B1%5D&call=url[file:/product/main],"Straight-cut shirt in woven cotton fabric. Collar, buttons at front, open chest pocket, and yoke at back with pleat. Long sleeves with button at cuffs. Rounded hem, slightly longer at back.",,CompositionCotton 100%,Bangladesh,ABONI FASHIONS LTD.,"Plot # 23-24, Union # Tetulzhora,, Hemayetpur Savar, 1340, Dhaka.",3001-3500,H&M
$29.99,Cotton Flannel Shirt,Light pink/black,https://lp2.hm.com/hmgoepprod?set=quality%5B79%5D%2Csource%5B%2F31%2F25%2F3125810ed52c364ff3efb19a873dae0ffb345e4a.jpg%5D%2Corigin%5Bdam%5D%2Ccategory%5Bladies_shirtsblouses_shirts%5D%2Ctype%5BLOOKBOOK%5D%2Cres%5Bm%5D%2Chmver%5B1%5D&call=url[file:/product/main],"Relaxed-fit shirt in cotton flannel with a collar. Buttons at front, yoke at back, and large chest pockets. Dropped shoulders and long sleeves with button at cuffs. Rounded hem.",,CompositionCotton 100%,Bangladesh,NEWAGE APPARELS LIMITED,"Nischintapur, Purbo Narsinghapur, Zirabo, Ashulia, Savar, 1341, Dhaka",5001-5500,H&M
$19.99,H&M+,Light purple/white plaid,https://lp2.hm.com/hmgoepprod?set=quality%5B79%5D%2Csource%5B%2Fdd%2Fef%2Fddef3771d862af204f675190f50f5b42bb5cc0b7.jpg%5D%2Corigin%5Bdam%5D%2Ccategory%5Bladies_plus_shirtsblouses%5D%2Ctype%5BLOOKBOOK%5D%2Cres%5Bm%5D%2Chmver%5B1%5D&call=url[file:/product/main],"Shirt in woven cotton fabric. Collar, buttons at front, and a yoke at back with pleat. Chest pocket and long sleeves with button at cuffs.",,CompositionCotton 100%,Bangladesh,ABONI FASHIONS LTD.,"Plot # 23-24, Union # Tetulzhora,, Hemayetpur Savar, 1340, Dhaka.",3001-3500,H&M
$39.99,Oversized Denim Shirt,Denim blue,https://lp2.hm.com/hmgoepprod?set=quality%5B79%5D%2Csource%5B%2F64%2F8e%2F648e533255939be7ce26c81ac66fd781e61b4ff3.jpg%5D%2Corigin%5Bdam%5D%2Ccategory%5B%5D%2Ctype%5BLOOKBOOK%5D%2Cres%5Bm%5D%2Chmver%5B1%5D&call=url[file:/product/main],"Oversized shirt in thick cotton denim. Collar, metal buttons at front, and yoke at back. Chest pockets with flap and button, dropped shoulders, and long sleeves with button at cuffs. Rounded hem.",FitOversized,CompositionCotton 100%,Bangladesh,CUTTING EDGE INDUSTRIES LTD,"1612, Dakhin Salna, Salna Bazar, Sadar, 1702, Gazipur",3501-4000,H&M
$29.99,Wide Smocked-waist Blouse,Black,https://lp2.hm.com/hmgoepprod?set=quality%5B79%5D%2Csource%5B%2Ff3%2F70%2Ff3703a48f7aa214b1cd7b8421120e306d5aa2df9.jpg%5D%2Corigin%5Bdam%5D%2Ccategory%5B%5D%2Ctype%5BLOOKBOOK%5D%2Cres%5Bm%5D%2Chmver%5B1%5D&call=url[file:/product/main],"Wide-cut blouse in woven cotton fabric with wide smocking at waist. Collar, buttons at front, and wide balloon sleeves with long, close-fitting cuffs with two buttons. Gently flared lower section with rounded hem.",,"CompositionShell: Cotton 100%Elastic section: Polyester 58%, Elastane 42%",India,GOKALDAS EXPORTS LTD,"NH 206, HINDISKERE GATE, 572201, TIPTUR",501-1000,H&M
$19.99,Cotton Shirt,Beige/black plaid,https://lp2.hm.com/hmgoepprod?set=quality%5B79%5D%2Csource%5B%2F27%2F09%2F27093e45bbb5a2999bcf04a0ded894b7e1927b4d.jpg%5D%2Corigin%5Bdam%5D%2Ccategory%5Bladies_shirtsblouses_shirts%5D%2Ctype%5BLOOKBOOK%5D%2Cres%5Bm%5D%2Chmver%5B1%5D&call=url[file:/product/main],"Straight-cut shirt in woven cotton fabric. Collar, buttons at front, open chest pocket, and yoke at back with pleat. Long sleeves with button at cuffs. Rounded hem, slightly longer at back.",,CompositionCotton 100%,Bangladesh,ABONI FASHIONS LTD.,"Plot # 23-24, Union # Tetulzhora,, Hemayetpur Savar, 1340, Dhaka.",3001-3500,H&M
$19.99,Oversized Cotton Shirt,White,https://lp2.hm.com/hmgoepprod?set=quality%5B79%5D%2Csource%5B%2Fd5%2F75%2Fd5756ed277853c0a85ebf184da7f527fb33d9168.jpg%5D%2Corigin%5Bdam%5D%2Ccategory%5Bladies_shirtsblouses_shirts%5D%2Ctype%5BLOOKBOOK%5D%2Cres%5Bm%5D%2Chmver%5B1%5D&call=url[file:/product/main],"Oversized shirt in airy, woven cotton fabric. Collar, buttons at front, and yoke at back. Open chest pocket, dropped shoulders, and long sleeves with button at cuffs. Rounded hem, slightly longer at back.",FitOversized,CompositionCotton 100%,Bangladesh,VERTEX WEAR LTD.,"Varari, Tetuljhora, Rajfulbaria, Hemayetpur, savar, 1340, Dhaka",3501-4000,H&M
$14.99,Cotton Shirt,White,https://lp2.hm.com/hmgoepprod?set=quality%5B79%5D%2Csource%5B%2Fb1%2F65%2Fb1657d8dbdcae6c389dd5e105a53da6c734fd6c7.jpg%5D%2Corigin%5Bdam%5D%2Ccategory%5Bladies_shirtsblouses_shirts%5D%2Ctype%5BLOOKBOOK%5D%2Cres%5Bm%5D%2Chmver%5B1%5D&call=url[file:/product/main],"Shirt in airy cotton fabric with a collar, buttons at front, and long sleeves with button at cuffs. Rounded hem.",,CompositionCotton 100%,Bangladesh,BABYLON GARMENTS LIMITED,"2-B/1, DARUSSALAM ROAD, MIRPUR, 1216, DHAKA.",1501-2000,H&M
$29.99,Wide Smocked-waist Blouse,White,https://lp2.hm.com/hmgoepprod?set=quality%5B79%5D%2Csource%5B%2F36%2F25%2F36253f2e7e9ec4a0f6d589210f5ef039e853971c.jpg%5D%2Corigin%5Bdam%5D%2Ccategory%5B%5D%2Ctype%5BLOOKBOOK%5D%2Cres%5Bm%5D%2Chmver%5B1%5D&call=url[file:/product/main],"Wide-cut blouse in woven cotton fabric with wide smocking at waist. Collar, buttons at front, and wide balloon sleeves with long, close-fitting cuffs with two buttons. Gently flared lower section with rounded hem.",,"CompositionElastic section: Polyester 58%, Elastane 42%Shell: Cotton 100%",India,GOKALDAS EXPORTS LTD,"NH 206, HINDISKERE GATE, 572201, TIPTUR",501-1000,H&M
$19.99,Cotton Shirt,Khaki green/black checked,https://lp2.hm.com/hmgoepprod?set=quality%5B79%5D%2Csource%5B%2F7f%2F32%2F7f3297adc12f69f02aa58d5d7642a007ebff1aed.jpg%5D%2Corigin%5Bdam%5D%2Ccategory%5Bladies_shirtsblouses_shirts%5D%2Ctype%5BLOOKBOOK%5D%2Cres%5Bm%5D%2Chmver%5B1%5D&call=url[file:/product/main],"Straight-cut shirt in woven cotton fabric. Collar, buttons at front, open chest pocket, and yoke at back with pleat. Long sleeves with button at cuffs. Rounded hem, slightly longer at back.",,CompositionCotton 100%,Bangladesh,ABONI FASHIONS LTD.,"Plot # 23-24, Union # Tetulzhora,, Hemayetpur Savar, 1340, Dhaka.",3001-3500,H&M
$29.99,Tie-front Blouse,Light pink/black,https://lp2.hm.com/hmgoepprod?set=quality%5B79%5D%2Csource%5B%2F49%2Fa0%2F49a0daeb1471ef5086079a2c4c02e4a10b271c80.jpg%5D%2Corigin%5Bdam%5D%2Ccategory%5Bladies_shirtsblouses_blouses%5D%2Ctype%5BLOOKBOOK%5D%2Cres%5Bm%5D%2Chmver%5B1%5D&call=url[file:/product/main],"Blouse in woven fabric. Collar with ties, buttons at front, and yoke at back with box pleat. Long puff sleeves with a slit and button at cuffs. Rounded hem. Polyester content is partly recycled.",,CompositionPolyester 100%,Indonesia,NOBLAND INTERNATIONAL INC,"Jl. Soekarno Hatta Km. 30 ,, Randugunting Bergas Semarang, 50552, Kabupaten Semarang",1001-1500,H&M
$34.99,Broderie anglaise blouse,Blue,https://lp2.hm.com/hmgoepprod?set=quality%5B79%5D%2Csource%5B%2F5c%2F8c%2F5c8c8ce51554a4fda737161231af3c7f9d301247.jpg%5D%2Corigin%5Bdam%5D%2Ccategory%5B%5D%2Ctype%5BLOOKBOOK%5D%2Cres%5Bm%5D%2Chmver%5B1%5D&call=url[file:/product/main],"Blouse in an airy cotton weave with broderie anglaise sections. Round neckline, an opening and button at the back of the neck and a V-shaped yoke at the front trimmed with a flounce that continues over the shoulders. Long, wide sleeves with narrow ties at the cuffs.",FitLoose fit,CompositionCotton 100%,India,CTA APPARELS PVT LTD,"D-235, Sector 63,, 201309, Noida",1501-2000,H&M
$49.99,Tie-detail Blouse,White,https://lp2.hm.com/hmgoepprod?set=quality%5B79%5D%2Csource%5B%2Fe0%2F0a%2Fe00a94bd8d43a3c632cdecec6fc4fc06a3408565.jpg%5D%2Corigin%5Bdam%5D%2Ccategory%5Bladies_shirtsblouses_blouses%5D%2Ctype%5BLOOKBOOK%5D%2Cres%5Bm%5D%2Chmver%5B1%5D&call=url[file:/product/main],"Straight-cut blouse in woven viscose fabric. Collar with contrasting ties around neck. Buttons at front, inset lace trim, and button at cuffs.",,CompositionViscose 100%,China,YUNHAN INTERNATIONAL (HK) LIMITED,"Chuangye Road,Yuxing Industry Zone, Yu an District, 231400, Lu an",101-500,H&M
$29.99,Oversized Cotton Shirt,Black,https://lp2.hm.com/hmgoepprod?set=quality%5B79%5D%2Csource%5B%2F90%2F79%2F90797cc2b4e40e1c25d40d8cdd8d609d50ed997b.jpg%5D%2Corigin%5Bdam%5D%2Ccategory%5Bladies_shirtsblouses_shirts%5D%2Ctype%5BLOOKBOOK%5D%2Cres%5Bm%5D%2Chmver%5B1%5D&call=url[file:/product/main],"Oversized shirt in woven cotton fabric. Collar, buttons at front, and large chest pocket. Dropped shoulders and long sleeves with buttons at cuffs. Rounded hem.",FitOversized,CompositionCotton 100%,China,GOLD STAR FASHION LIMITED,"Liulou Town Government Area, Wensha, Jining City, Shandong Province, China, 272505, Jining",101-500,H&M
$14.99,Cotton Shirt,Pink/white striped,https://lp2.hm.com/hmgoepprod?set=quality%5B79%5D%2Csource%5B%2F4c%2Fe9%2F4ce9b91b74ca3437b127e52ca8cee13bedcc5bce.jpg%5D%2Corigin%5Bdam%5D%2Ccategory%5Bladies_shirtsblouses_shirts%5D%2Ctype%5BDESCRIPTIVESTILLLIFE%5D%2Cres%5Bm%5D%2Chmver%5B1%5D&call=url[file:/product/main],"Shirt in airy cotton fabric with a collar, buttons at front, and long sleeves with button at cuffs. Rounded hem.",,CompositionCotton 100%,Bangladesh,EPIC DESIGNERS LTD.,"SFB # 08 Dhaka EPZ, (Extension Area), Gonok Bari, Savar, 1349, Dhaka",1001-1500,H&M
$29.99,Pleated-layer Shirt,White,https://lp2.hm.com/hmgoepprod?set=quality%5B79%5D%2Csource%5B%2F56%2F83%2F568372890eb9021877adf0e61a931e9afb8d173c.jpg%5D%2Corigin%5Bdam%5D%2Ccategory%5Bladies_shirtsblouses_shirts%5D%2Ctype%5BLOOKBOOK%5D%2Cres%5Bm%5D%2Chmver%5B1%5D&call=url[file:/product/main],"Shirt in woven fabric. Pleated layer at top with overlocked edge. Collar, buttons at front, and long sleeves with buttons at cuffs.",,CompositionPolyester 100%,China,"ZHEJIANG TONGLI CLOTHING CO.,LTD","No. 90, Zengshan Road, Xicheng Industrial Zone, 322100, Dongyang",1501-2000,H&M
$29.99,Cotton Poplin Blouse,White,https://lp2.hm.com/hmgoepprod?set=quality%5B79%5D%2Csource%5B%2F31%2F6c%2F316c17e3a69d42c457ea8dc71e0f9dbd6dceeb4b.jpg%5D%2Corigin%5Bdam%5D%2Ccategory%5B%5D%2Ctype%5BDESCRIPTIVESTILLLIFE%5D%2Cres%5Bm%5D%2Chmver%5B1%5D&call=url[file:/product/main],"Blouse in cotton poplin. Round neckline, small opening at back of neck with button, smocking at front and back, and gathered seam at waist. Long puff sleeves, voluminous at top with smocked section at cuffs.",,CompositionCotton 100%,India,CTA APPARELS PVT LTD,"D-235, Sector 63,, 201309, Noida",1501-2000,H&M
$29.99,Oversized Corduroy Shirt,Mint green,https://lp2.hm.com/hmgoepprod?set=quality%5B79%5D%2Csource%5B%2F00%2F89%2F00896aec233df619d39eca5252269c73c43bd154.jpg%5D%2Corigin%5Bdam%5D%2Ccategory%5B%5D%2Ctype%5BLOOKBOOK%5D%2Cres%5Bm%5D%2Chmver%5B1%5D&call=url[file:/product/main],"Oversized shirt in cotton corduroy. Collar, covered buttons at front, and large, open chest pockets. Dropped shoulders, long, wide sleeves, and covered button at cuffs. Rounded hem.",FitOversized,CompositionCotton 100%,China,GOLD STAR FASHION LIMITED,"South of Shuguang Road, Wenshang City, 272000, Jining",101-500,H&M
$19.99,Balloon-sleeved Shirt,Black,https://lp2.hm.com/hmgoepprod?set=quality%5B79%5D%2Csource%5B%2F92%2F50%2F92502d401fbb67c8125e99f90c5d9f94a752c982.jpg%5D%2Corigin%5Bdam%5D%2Ccategory%5B%5D%2Ctype%5BLOOKBOOK%5D%2Cres%5Bm%5D%2Chmver%5B1%5D&call=url[file:/product/main],"Shirt in woven viscose fabric with a collar, buttons at front, and yoke at back. Long balloon sleeves with buttons at cuffs. Rounded hem, slightly longer at back.",,CompositionViscose 100%,Myanmar (Burma),"S CHEER HK CO.,LIMITED","70A/71A Corner of Mingyi Mahar Min, Gaung Street and Phan Chet Wun U, Shwe Oh Street Hlaing Tharyar Indus, 2635, Yangon",501-1000,H&M
$19.99,Oversized Cotton Shirt,Gray/white striped,https://lp2.hm.com/hmgoepprod?set=quality%5B79%5D%2Csource%5B%2Fd3%2F6d%2Fd36d83c494b7b126e7a581d32dd965913d17d3fb.jpg%5D%2Corigin%5Bdam%5D%2Ccategory%5B%5D%2Ctype%5BLOOKBOOK%5D%2Cres%5Bm%5D%2Chmver%5B1%5D&call=url[file:/product/main],"Oversized shirt in airy, woven cotton fabric. Collar, buttons at front, and yoke at back. Open chest pocket, dropped shoulders, and long sleeves with button at cuffs. Rounded hem, slightly longer at back.",FitOversized,CompositionCotton 100%,Indonesia,PT.SARI WARNA ASLI TEXTILE INDUSTRY,"Jl. HOS Cokroaminoto No.28,, RT 02 RW 03 Kel. Pucangsawit, Kec., Jebres, Surakarta Jawa Tengah , In, 57125, Surakarta",2001-2500,H&M
$34.99,Ruffle-trimmed Blouse,Pastel pink/plaid,https://lp2.hm.com/hmgoepprod?set=quality%5B79%5D%2Csource%5B%2Fb4%2Ff7%2Fb4f729972d66f53ca4289f1d177330715e636feb.jpg%5D%2Corigin%5Bdam%5D%2Ccategory%5B%5D%2Ctype%5BLOOKBOOK%5D%2Cres%5Bm%5D%2Chmver%5B1%5D&call=url[file:/product/main],"Blouse in woven fabric with glittery threads. Collar, yoke at front, and shoulder seams, all with ruffle trim. Buttons at front and long sleeves with sleeve placket and buttons at cuffs.",,"CompositionCotton 60%, Metallized fiber 39%, Viscose 1%",China,YUNHAN INTERNATIONAL (HK) LIMITED,"Chuangye Road,Yuxing Industry Zone, Yu an District, 231400, Lu an",101-500,H&M
$29.99,Cotton Poplin Blouse,Mint green,https://lp2.hm.com/hmgoepprod?set=quality%5B79%5D%2Csource%5B%2F2c%2F76%2F2c76242052d90c5b5fd427b2925514c3bbe040af.jpg%5D%2Corigin%5Bdam%5D%2Ccategory%5B%5D%2Ctype%5BDESCRIPTIVESTILLLIFE%5D%2Cres%5Bm%5D%2Chmver%5B1%5D&call=url[file:/product/main],"Blouse in cotton poplin. Round neckline, small opening at back of neck with button, smocking at front and back, and gathered seam at waist. Long puff sleeves, voluminous at top with smocked section at cuffs.",,CompositionCotton 100%,India,CTA APPARELS PVT LTD,"D-235, Sector 63,, 201309, Noida",1501-2000,H&M
$29.99,Corduroy Shirt,Light pink,https://lp2.hm.com/hmgoepprod?set=quality%5B79%5D%2Csource%5B%2F77%2F80%2F778069310ca54886e355a6ea91439006c5b05e7b.jpg%5D%2Corigin%5Bdam%5D%2Ccategory%5B%5D%2Ctype%5BDESCRIPTIVESTILLLIFE%5D%2Cres%5Bm%5D%2Chmver%5B1%5D&call=url[file:/product/main],"Oversized shirt in soft, narrow-wale cotton corduroy. Collar, covered buttons at front, and open chest pockets. Dropped shoulders and long sleeves with button at cuffs. Gently rounded hem, slightly longer at back.",FitOversized,CompositionCotton 100%,Bangladesh,NEWAGE APPARELS LIMITED,"Nischintapur, Purbo Narsinghapur, Zirabo, Ashulia, Savar, 1341, Dhaka",5001-5500,H&M
$29.99,Pleated-layer Shirt,Black,https://lp2.hm.com/hmgoepprod?set=quality%5B79%5D%2Csource%5B%2Fd5%2F29%2Fd529a574fc11cd1c55672b1dce76fb038cd8c689.jpg%5D%2Corigin%5Bdam%5D%2Ccategory%5B%5D%2Ctype%5BLOOKBOOK%5D%2Cres%5Bm%5D%2Chmver%5B1%5D&call=url[file:/product/main],"Shirt in woven fabric. Pleated layer at top with overlocked edge. Collar, buttons at front, and long sleeves with buttons at cuffs.",,CompositionPolyester 100%,Indonesia,PT.SARI WARNA ASLI TEXTILE INDUSTRY,"Jl. HOS Cokroaminoto No.28,, RT 02 RW 03 Kel. Pucangsawit, Kec., Jebres, Surakarta Jawa Tengah , In, 57125, Surakarta",2001-2500,H&M
$17.99,Cotton Poplin Shirt,White/gray striped,https://lp2.hm.com/hmgoepprod?set=quality%5B79%5D%2Csource%5B%2Fa2%2Fe9%2Fa2e99dfccbba4357436dbee65f54d727a8823f79.jpg%5D%2Corigin%5Bdam%5D%2Ccategory%5Bladies_shirtsblouses_shirts%5D%2Ctype%5BLOOKBOOK%5D%2Cres%5Bm%5D%2Chmver%5B1%5D&call=url[file:/product/main],"Straight-cut shirt in soft cotton poplin with a collar and buttons at front. Gently dropped shoulders, long sleeves with button at cuffs, and rounded hem.",,CompositionCotton 100%,Bangladesh,DRESSMEN GARMENTS LTD.,"PALLAIRANI, SAVAR - TANGAIL, CONNECTING ROAD, BHATARIA, SHAHBAJPUR, KALIAKAIR, 1750, GAZIPUR",2501-3000,H&M
$29.99,Cropped Puff-sleeved Blouse,Apricot/patterned,https://lp2.hm.com/hmgoepprod?set=quality%5B79%5D%2Csource%5B%2F20%2F18%2F201862c2ca1c5ff43463a2aeec3105b6730d570a.jpg%5D%2Corigin%5Bdam%5D%2Ccategory%5Bladies_shirtsblouses_blouses%5D%2Ctype%5BDESCRIPTIVESTILLLIFE%5D%2Cres%5Bm%5D%2Chmver%5B1%5D&call=url[file:/product/main],"Cropped blouse in an airy, woven viscose and cotton blend. Wrapover front with concealed snap fastener, short puff sleeves, and smocked cuffs and hem with ruffle trim.",,"CompositionViscose 55%, Cotton 45%",India,SUPER OVERSEAS PVT LTD,"B-16, Phase-II, Extn., PHASE-II EXTENSION, 201305, NOIDA",1001-1500,H&M
$29.99,Organza Tie-neck Blouse,Black,https://lp2.hm.com/hmgoepprod?set=quality%5B79%5D%2Csource%5B%2Fbb%2Fb3%2Fbbb301de218dbc037e2b855f42953f9e4aff2027.jpg%5D%2Corigin%5Bdam%5D%2Ccategory%5Bladies_shirtsblouses_blouses%5D%2Ctype%5BLOOKBOOK%5D%2Cres%5Bm%5D%2Chmver%5B1%5D&call=url[file:/product/main],"Straight-cut blouse in airy organza with a dotted flock print. Stand-up collar with long, wide ties. Small opening at back of neck with a hook-and-eye fastener. Voluminous, 3/4-length puff sleeves and flounced cuffs with narrow elastic.",,"CompositionPolyamide 53%, Polyester 47%",China,"ZHEJIANG TONGLI CLOTHING CO.,LTD","No. 90, Zengshan Road, Xicheng Industrial Zone, 322100, Dongyang",1501-2000,H&M
$19.99,Short Smocked Blouse,Pink/floral,https://lp2.hm.com/hmgoepprod?set=quality%5B79%5D%2Csource%5B%2Fca%2Fce%2Fcace2eef5ab34311236047509690a4b2e4164e1b.jpg%5D%2Corigin%5Bdam%5D%2Ccategory%5B%5D%2Ctype%5BDESCRIPTIVESTILLLIFE%5D%2Cres%5Bm%5D%2Chmver%5B1%5D&call=url[file:/product/main],"Cropped blouse in airy, woven fabric with a smocked bodice and square, ruffle-trimmed neckline. Concealed elastic over shoulders, long, wide sleeves, and smocked, ruffle-trimmed cuffs.",,CompositionPolyester 100%,China,YUNHAN INTERNATIONAL (HK) LIMITED,"North of the PuZhuang Road, Mashe Village Xukou Town, Wuzhong Distruct Suzhou City, 215150, Suzhou",101-500,H&M
$29.99,Tie-front Blouse,Black/floral,https://lp2.hm.com/hmgoepprod?set=quality%5B79%5D%2Csource%5B%2F7f%2Fe3%2F7fe31d4a12446eaacd5c3f76025de9fa951d4992.jpg%5D%2Corigin%5Bdam%5D%2Ccategory%5B%5D%2Ctype%5BDESCRIPTIVESTILLLIFE%5D%2Cres%5Bm%5D%2Chmver%5B1%5D&call=url[file:/product/main],"Blouse in woven fabric. Collar with ties, buttons at front, and yoke at back with box pleat. Long puff sleeves with a slit and button at cuffs. Rounded hem. Polyester content is partly recycled.",,CompositionPolyester 100%,Indonesia,NOBLAND INTERNATIONAL INC,"Jl. Soekarno Hatta Km. 30 ,, Randugunting Bergas Semarang, 50552, Kabupaten Semarang",1001-1500,H&M
$29.99,Cotton Poplin Blouse,Black,https://lp2.hm.com/hmgoepprod?set=quality%5B79%5D%2Csource%5B%2Fb9%2Fc8%2Fb9c890cd47fcf291534b9c37a5d42bbe685ddc11.jpg%5D%2Corigin%5Bdam%5D%2Ccategory%5B%5D%2Ctype%5BLOOKBOOK%5D%2Cres%5Bm%5D%2Chmver%5B1%5D&call=url[file:/product/main],"Blouse in cotton poplin. Round neckline, small opening at back of neck with button, smocking at front and back, and gathered seam at waist. Long puff sleeves, voluminous at top with smocked section at cuffs.",,CompositionCotton 100%,India,CTA APPARELS PVT LTD,"D-235, Sector 63,, 201309, Noida",1501-2000,H&M
$14.99,Cotton Shirt,Light blue/white striped,https://lp2.hm.com/hmgoepprod?set=quality%5B79%5D%2Csource%5B%2Fb7%2Fc8%2Fb7c83735f6e2f907e635e856cc819013a621ffdf.jpg%5D%2Corigin%5Bdam%5D%2Ccategory%5Bladies_shirtsblouses_shirts%5D%2Ctype%5BLOOKBOOK%5D%2Cres%5Bm%5D%2Chmver%5B1%5D&call=url[file:/product/main],"Shirt in airy cotton fabric with a collar, buttons at front, and long sleeves with button at cuffs. Rounded hem.",,CompositionCotton 100%,Bangladesh,DRESSMEN GARMENTS LTD.,"PALLAIRANI, SAVAR - TANGAIL, CONNECTING ROAD, BHATARIA, SHAHBAJPUR, KALIAKAIR, 1750, GAZIPUR",2501-3000,H&M
$24.99,Puff-sleeved Peplum Blouse,Black,https://lp2.hm.com/hmgoepprod?set=quality%5B79%5D%2Csource%5B%2F12%2F1c%2F121cc75c0dd80026757c10a06f37ae24830169f0.jpg%5D%2Corigin%5Bdam%5D%2Ccategory%5Bladies_shirtsblouses_blouses%5D%2Ctype%5BLOOKBOOK%5D%2Cres%5Bm%5D%2Chmver%5B1%5D&call=url[file:/product/main],"Blouse in woven nylon with a slight sheen. Rounded neckline, low-cut open section at back with ties at back of neck and middle of back, and 3/4-length puff sleeves with narrow elastic and ruffle trim at cuffs. Seam at waist with flared peplum.",,CompositionPolyamide 100%,China,"ZHEJIANG TONGLI CLOTHING CO.,LTD","No. 90, Zengshan Road, Xicheng Industrial Zone, 322100, Dongyang",1501-2000,H&M
$29.99,Ruffle-collar Blouse,White,https://lp2.hm.com/hmgoepprod?set=quality%5B79%5D%2Csource%5B%2Fb2%2F76%2Fb276f0afc54dc841e28f052f078fd73ac090ec3c.jpg%5D%2Corigin%5Bdam%5D%2Ccategory%5Bladies_shirtsblouses_blouses%5D%2Ctype%5BLOOKBOOK%5D%2Cres%5Bm%5D%2Chmver%5B1%5D&call=url[file:/product/main],"Blouse in woven cotton fabric with a large, ruffle-trimmed collar. Low-cut neckline, buttons at front, and long, voluminous puff sleeves with wide, close-fitting cuffs with button.",,CompositionCotton 100%,India,GOKALDAS EXPORTS LTD,"NH 206, HINDISKERE GATE, 572201, TIPTUR",501-1000,H&M
$19.99,Cotton Shirt,Mint green/black plaid,https://lp2.hm.com/hmgoepprod?set=quality%5B79%5D%2Csource%5B%2F23%2Ffa%2F23faa08230d5e74b83213be3789be25466132c1d.jpg%5D%2Corigin%5Bdam%5D%2Ccategory%5Bladies_shirtsblouses_shirts%5D%2Ctype%5BLOOKBOOK%5D%2Cres%5Bm%5D%2Chmver%5B1%5D&call=url[file:/product/main],"Straight-cut shirt in woven cotton fabric. Collar, buttons at front, open chest pocket, and yoke at back with pleat. Long sleeves with button at cuffs. Rounded hem, slightly longer at back.",,CompositionCotton 100%,Bangladesh,ABONI FASHIONS LTD.,"Plot # 23-24, Union # Tetulzhora,, Hemayetpur Savar, 1340, Dhaka.",3001-3500,H&M
$19.99,Resort Shirt,White,https://lp2.hm.com/hmgoepprod?set=quality%5B79%5D%2Csource%5B%2F3c%2F7b%2F3c7b694a22d55e9fe32305039877334c4cda6c42.jpg%5D%2Corigin%5Bdam%5D%2Ccategory%5B%5D%2Ctype%5BDESCRIPTIVESTILLLIFE%5D%2Cres%5Bm%5D%2Chmver%5B1%5D&call=url[file:/product/main],"Short-sleeved shirt in woven, crÃªped fabric. Resort collar and buttons at front. Polyester content is partly recycled.",,CompositionPolyester 100%,Indonesia,VISIONLAND CO LTD,"Jl. Mojo , Km 3 Bulu Desa Jaten,, Kecamatan Jaten, Kabupaten, Karanganyar, 57771, Kabupaten Karanganyar",501-1000,H&M
$29.99,Ruffle-collar Blouse,Light blue,https://lp2.hm.com/hmgoepprod?set=quality%5B79%5D%2Csource%5B%2Fd3%2Fdb%2Fd3db8ce5fedbe909e261fa6f515b1d74e5f24098.jpg%5D%2Corigin%5Bdam%5D%2Ccategory%5Bladies_shirtsblouses_blouses%5D%2Ctype%5BLOOKBOOK%5D%2Cres%5Bm%5D%2Chmver%5B1%5D&call=url[file:/product/main],"Blouse in woven cotton fabric with a large, ruffle-trimmed collar. Low-cut neckline, buttons at front, and long, voluminous puff sleeves with wide, close-fitting cuffs with button.",,CompositionCotton 100%,India,GOKALDAS EXPORTS LTD,"NH 206, HINDISKERE GATE, 572201, TIPTUR",501-1000,H&M
$29.99,Ruffle-collar Blouse,Black,https://lp2.hm.com/hmgoepprod?set=quality%5B79%5D%2Csource%5B%2F2b%2Fcb%2F2bcb1ff05b3d2aa029f84b294a0e4b9b8b134ff6.jpg%5D%2Corigin%5Bdam%5D%2Ccategory%5Bladies_shirtsblouses_blouses%5D%2Ctype%5BLOOKBOOK%5D%2Cres%5Bm%5D%2Chmver%5B1%5D&call=url[file:/product/main],"Blouse in woven cotton fabric with a large, ruffle-trimmed collar. Low-cut neckline, buttons at front, and long, voluminous puff sleeves with wide, close-fitting cuffs with button.",,CompositionCotton 100%,India,GOKALDAS EXPORTS LTD,"NH 206, HINDISKERE GATE, 572201, TIPTUR",501-1000,H&M
$29.99,Cotton Flannel Shirt,Light pink/checked,https://lp2.hm.com/hmgoepprod?set=quality%5B79%5D%2Csource%5B%2Fd6%2Fcf%2Fd6cf481727e623043742ef7f030c7960a5640974.jpg%5D%2Corigin%5Bdam%5D%2Ccategory%5B%5D%2Ctype%5BLOOKBOOK%5D%2Cres%5Bm%5D%2Chmver%5B1%5D&call=url[file:/product/main],"Oversized shirt in soft cotton flannel. Collar, buttons at front, yoke at back, and open chest pockets. Dropped shoulders and long sleeves with button at cuffs. Gently rounded hem.",FitOversized,CompositionCotton 100%,Bangladesh,ABONI FASHIONS LTD.,"Plot # 23-24, Union # Tetulzhora,, Hemayetpur Savar, 1340, Dhaka.",3001-3500,H&M
$34.99,Lace-trimmed Blouse,White,https://lp2.hm.com/hmgoepprod?set=quality%5B79%5D%2Csource%5B%2Ffd%2Fab%2Ffdaba19ed5553c148a11ccb67589fc4fc99ffe19.jpg%5D%2Corigin%5Bdam%5D%2Ccategory%5B%5D%2Ctype%5BLOOKBOOK%5D%2Cres%5Bm%5D%2Chmver%5B1%5D&call=url[file:/product/main],"Blouse in airy, woven viscose fabric with lace trim. Stand-up collar, opening at back of neck with covered buttons, and yoke at front with ruffled lace trim extending over shoulders. Long sleeves with narrow elastic and ruffled lace trim at cuffs.",,CompositionViscose 100%,Indonesia,PT.SARI WARNA ASLI TEXTILE INDUSTRY,"Jl. HOS Cokroaminoto No.28,, RT 02 RW 03 Kel. Pucangsawit, Kec., Jebres, Surakarta Jawa Tengah , In, 57125, Surakarta",2001-2500,H&M
$29.99,Wide-collared Shirt,Black,https://lp2.hm.com/hmgoepprod?set=quality%5B79%5D%2Csource%5B%2Fdd%2F75%2Fdd75b735909e7d2b908523830aee5cad4fff3320.jpg%5D%2Corigin%5Bdam%5D%2Ccategory%5B%5D%2Ctype%5BLOOKBOOK%5D%2Cres%5Bm%5D%2Chmver%5B1%5D&call=url[file:/product/main],"Shirt in woven cotton fabric. Ruffle-trimmed Peter Pan collar, buttons without placket, and long sleeves with a slit and button at cuffs. Gently rounded hem.",,CompositionCotton 100%,India,GOKALDAS EXPORTS LTD,"NH 206, HINDISKERE GATE, 572201, TIPTUR",501-1000,H&M
$19.99,Cotton Shirt,Pastel pink/black checked,https://lp2.hm.com/hmgoepprod?set=quality%5B79%5D%2Csource%5B%2F4b%2Ffa%2F4bfa20453be887e84d4afccce9820c34823a2339.jpg%5D%2Corigin%5Bdam%5D%2Ccategory%5Bladies_shirtsblouses_shirts%5D%2Ctype%5BLOOKBOOK%5D%2Cres%5Bm%5D%2Chmver%5B1%5D&call=url[file:/product/main],"Straight-cut shirt in woven cotton fabric. Collar, buttons at front, open chest pocket, and yoke at back with pleat. Long sleeves with button at cuffs. Rounded hem, slightly longer at back.",,CompositionCotton 100%,Bangladesh,ABONI FASHIONS LTD.,"Plot # 23-24, Union # Tetulzhora,, Hemayetpur Savar, 1340, Dhaka.",3001-3500,H&M
$29.99,Ruffled Cotton Shirt,White,https://lp2.hm.com/hmgoepprod?set=quality%5B79%5D%2Csource%5B%2F84%2F2a%2F842adb097ea51145effcf60de9e55995f0dea637.jpg%5D%2Corigin%5Bdam%5D%2Ccategory%5Bladies_shirtsblouses_shirts%5D%2Ctype%5BLOOKBOOK%5D%2Cres%5Bm%5D%2Chmver%5B1%5D&call=url[file:/product/main],"Shirt in woven cotton fabric with decorative ruffles. Collar, buttons at front, and long balloon sleeves with close-fitting cuffs with button.",,CompositionCotton 100%,India,GOKALDAS EXPORTS LTD,"NH 206, HINDISKERE GATE, 572201, TIPTUR",501-1000,H&M
$19.99,Cotton Shirt,Light purple/white plaid,https://lp2.hm.com/hmgoepprod?set=quality%5B79%5D%2Csource%5B%2F7d%2F87%2F7d87c027986f37acc5a64917ad8aced967abf246.jpg%5D%2Corigin%5Bdam%5D%2Ccategory%5Bladies_shirtsblouses_shirts%5D%2Ctype%5BLOOKBOOK%5D%2Cres%5Bm%5D%2Chmver%5B1%5D&call=url[file:/product/main],"Straight-cut shirt in woven cotton fabric. Collar, buttons at front, open chest pocket, and yoke at back with pleat. Long sleeves with button at cuffs. Rounded hem, slightly longer at back.",,CompositionCotton 100%,Bangladesh,ABONI FASHIONS LTD.,"Plot # 23-24, Union # Tetulzhora,, Hemayetpur Savar, 1340, Dhaka.",3001-3500,H&M
$29.99,Ruffled Cotton Shirt,Black,https://lp2.hm.com/hmgoepprod?set=quality%5B79%5D%2Csource%5B%2Fc2%2F4d%2Fc24d4630697fcdb9c8abdd753620dfc9e122dce9.jpg%5D%2Corigin%5Bdam%5D%2Ccategory%5Bladies_shirtsblouses_shirts%5D%2Ctype%5BLOOKBOOK%5D%2Cres%5Bm%5D%2Chmver%5B1%5D&call=url[file:/product/main],"Shirt in woven cotton fabric with decorative ruffles. Collar, buttons at front, and long balloon sleeves with close-fitting cuffs with button.",,CompositionCotton 100%,India,GOKALDAS EXPORTS LTD,"NH 206, HINDISKERE GATE, 572201, TIPTUR",501-1000,H&M
$19.99,Mesh Shirt,Black,https://lp2.hm.com/hmgoepprod?set=quality%5B79%5D%2Csource%5B%2Ff9%2F4c%2Ff94ca57164ad91f1052d00d6f6a88b786917157c.jpg%5D%2Corigin%5Bdam%5D%2Ccategory%5B%5D%2Ctype%5BLOOKBOOK%5D%2Cres%5Bm%5D%2Chmver%5B2%5D&call=url[file:/product/main],"Fitted shirt in airy mesh. Collar, buttons at front, and long sleeves with buttons at cuffs.",FitFitted,"CompositionPolyester 95%, Elastane 5%",China,"SUZHOU LAOHONG KNITTING GARMENT CO.,LTD.","Jiunv Town, Chengwu county, 274200, Heze",101-500,H&M
$19.99,Short Smocked Blouse,Black,https://lp2.hm.com/hmgoepprod?set=quality%5B79%5D%2Csource%5B%2F7b%2F0c%2F7b0cb58084dda6e4739fa7aaba7218c5c65d3dbf.jpg%5D%2Corigin%5Bdam%5D%2Ccategory%5B%5D%2Ctype%5BDESCRIPTIVESTILLLIFE%5D%2Cres%5Bm%5D%2Chmver%5B1%5D&call=url[file:/product/main],"Cropped blouse in airy, woven fabric with a smocked bodice and square, ruffle-trimmed neckline. Concealed elastic over shoulders, long, wide sleeves, and smocked, ruffle-trimmed cuffs.",,CompositionPolyester 100%,China,YUNHAN INTERNATIONAL (HK) LIMITED,"North of the PuZhuang Road, Mashe Village Xukou Town, Wuzhong Distruct Suzhou City, 215150, Suzhou",101-500,H&M
$24.99,Puff-sleeved Peplum Blouse,Light pink,https://lp2.hm.com/hmgoepprod?set=quality%5B79%5D%2Csource%5B%2F39%2F6e%2F396ec5e18099157cd537196bf2419c37b547c1bb.jpg%5D%2Corigin%5Bdam%5D%2Ccategory%5Bladies_shirtsblouses_blouses%5D%2Ctype%5BLOOKBOOK%5D%2Cres%5Bm%5D%2Chmver%5B1%5D&call=url[file:/product/main],"Blouse in woven nylon with a slight sheen. Rounded neckline, low-cut open section at back with ties at back of neck and middle of back, and 3/4-length puff sleeves with narrow elastic and ruffle trim at cuffs. Seam at waist with flared peplum.",,CompositionPolyamide 100%,China,"ZHEJIANG TONGLI CLOTHING CO.,LTD","No. 90, Zengshan Road, Xicheng Industrial Zone, 322100, Dongyang",1501-2000,H&M
$19.99,Cotton Shirt,Deep red,https://lp2.hm.com/hmgoepprod?set=quality%5B79%5D%2Csource%5B%2Fba%2Fd4%2Fbad47abe1423b7dd2c31c2303bbaee9132615337.jpg%5D%2Corigin%5Bdam%5D%2Ccategory%5Bladies_shirtsblouses_shirts%5D%2Ctype%5BLOOKBOOK%5D%2Cres%5Bm%5D%2Chmver%5B1%5D&call=url[file:/product/main],"Straight-cut shirt in woven cotton fabric. Collar, buttons at front, open chest pocket, and yoke at back with pleat. Long sleeves with button at cuffs. Rounded hem, slightly longer at back.",,CompositionCotton 100%,Bangladesh,ABONI FASHIONS LTD.,"Plot # 23-24, Union # Tetulzhora,, Hemayetpur Savar, 1340, Dhaka.",3001-3500,H&M
$19.99,Flounce-trimmed Blouse,White,https://lp2.hm.com/hmgoepprod?set=quality%5B79%5D%2Csource%5B%2F8f%2F26%2F8f26eb9efbf0a1ef0d21c499373089d061fee62c.jpg%5D%2Corigin%5Bdam%5D%2Ccategory%5B%5D%2Ctype%5BLOOKBOOK%5D%2Cres%5Bm%5D%2Chmver%5B1%5D&call=url[file:/product/main],"Blouse in woven, crinkled fabric. Round neckline, flounce-trimmed, rounded seam at top, and small opening at back of neck with button. Long, wide sleeves with flounce-trimmed, elasticized cuffs.",,CompositionCotton 100%,India,GOKALDAS EXPORTS LTD,"NH 206, HINDISKERE GATE, 572201, TIPTUR",501-1000,H&M
$29.99,Cotton Flannel Shirt,Black/plaid,https://lp2.hm.com/hmgoepprod?set=quality%5B79%5D%2Csource%5B%2Fd4%2Fe7%2Fd4e763097e0a215907d54821393f7225fff85251.jpg%5D%2Corigin%5Bdam%5D%2Ccategory%5Bladies_shirtsblouses_shirts%5D%2Ctype%5BLOOKBOOK%5D%2Cres%5Bm%5D%2Chmver%5B1%5D&call=url[file:/product/main],"Oversized shirt in soft cotton flannel. Collar, buttons at front, yoke at back, and open chest pockets. Dropped shoulders and long sleeves with button at cuffs. Gently rounded hem.",FitOversized,CompositionCotton 100%,Bangladesh,ABONI FASHIONS LTD.,"Plot # 23-24, Union # Tetulzhora,, Hemayetpur Savar, 1340, Dhaka.",3001-3500,H&M
$34.99,Lace-yoke Blouse,Black,https://lp2.hm.com/hmgoepprod?set=quality%5B79%5D%2Csource%5B%2F37%2Fbc%2F37bccffb47fb6d2d0c8ee07aecad72e403576e13.jpg%5D%2Corigin%5Bdam%5D%2Ccategory%5Bladies_shirtsblouses_blouses%5D%2Ctype%5BLOOKBOOK%5D%2Cres%5Bm%5D%2Chmver%5B1%5D&call=url[file:/product/main],"Blouse in woven fabric with a V-shaped yoke in lace. Round neckline with picot trim, opening at back of neck with button, and long, wide sleeves with smocking at cuffs.",,CompositionShell: Polyester 100%Other: Polyester 100%,China,YUNHAN INTERNATIONAL (HK) LIMITED,"Chuangye Road,Yuxing Industry Zone, Yu an District, 231400, Lu an",101-500,H&M
$19.99,Cotton Shirt,Light purple/gray plaid,https://lp2.hm.com/hmgoepprod?set=quality%5B79%5D%2Csource%5B%2Ff6%2F34%2Ff6347d44f2b66e5b9048cdf7de06e4c7b3e98f79.jpg%5D%2Corigin%5Bdam%5D%2Ccategory%5Bladies_shirtsblouses_shirts%5D%2Ctype%5BLOOKBOOK%5D%2Cres%5Bm%5D%2Chmver%5B1%5D&call=url[file:/product/main],"Straight-cut shirt in woven cotton fabric. Collar, buttons at front, open chest pocket, and yoke at back with pleat. Long sleeves with button at cuffs. Rounded hem, slightly longer at back.",,CompositionCotton 100%,India,GOKALDAS EXPORTS LTD,"NH 206, HINDISKERE GATE, 572201, TIPTUR",501-1000,H&M
$29.99,Oversized Cotton Shirt,White,https://lp2.hm.com/hmgoepprod?set=quality%5B79%5D%2Csource%5B%2F9d%2F0e%2F9d0e663b8c78d86f2b6e455b783d2ea9f736d2d9.jpg%5D%2Corigin%5Bdam%5D%2Ccategory%5Bladies_shirtsblouses_shirts%5D%2Ctype%5BLOOKBOOK%5D%2Cres%5Bm%5D%2Chmver%5B1%5D&call=url[file:/product/main],"Oversized shirt in woven cotton fabric. Collar, buttons at front, and large chest pocket. Dropped shoulders and long sleeves with buttons at cuffs. Rounded hem.",FitOversized,CompositionCotton 100%,Indonesia,"PT. SRI REJEKI ISMAN, TBK.","JL.KH Samanhudi 88 Jetis, Sukoharjo, Jawa Tengah, 57511, Solo",1501-2000,H&M
$29.99,Oversized Cotton Shirt,Green-yellow,https://lp2.hm.com/hmgoepprod?set=quality%5B79%5D%2Csource%5B%2F45%2F70%2F45704c0c53b28613db2147a9f9be34ac095c70e1.jpg%5D%2Corigin%5Bdam%5D%2Ccategory%5B%5D%2Ctype%5BLOOKBOOK%5D%2Cres%5Bm%5D%2Chmver%5B1%5D&call=url[file:/product/main],"Oversized shirt in woven cotton fabric. Collar, buttons at front, and large chest pocket. Dropped shoulders and long sleeves with buttons at cuffs. Rounded hem.",FitOversized,CompositionCotton 100%,China,GOLD STAR FASHION LIMITED,"Liulou Town Government Area, Wensha, Jining City, Shandong Province, China, 272505, Jining",101-500,H&M
$29.99,Puff-sleeved Shirt,Light pink,https://lp2.hm.com/hmgoepprod?set=quality%5B79%5D%2Csource%5B%2Faa%2F71%2Faa71a8cb704f5af11fe5bf9ac454f139d896d227.jpg%5D%2Corigin%5Bdam%5D%2Ccategory%5B%5D%2Ctype%5BDESCRIPTIVESTILLLIFE%5D%2Cres%5Bm%5D%2Chmver%5B1%5D&call=url[file:/product/main],"Gently fitted shirt in cotton poplin. Pointed collar, buttons at front, and yoke at back. Long puff sleeves with button at cuffs. Gently rounded hem.",FitFitted,CompositionCotton 100%,China,YUNHAN INTERNATIONAL (HK) LIMITED,"Chuangye Road,Yuxing Industry Zone, Yu an District, 231400, Lu an",101-500,H&M
$34.99,Denim Shirt,Light denim blue,https://lp2.hm.com/hmgoepprod?set=quality%5B79%5D%2Csource%5B%2F04%2F37%2F0437753a985777405c009c6babd373cf544ed513.jpg%5D%2Corigin%5Bdam%5D%2Ccategory%5B%5D%2Ctype%5BDESCRIPTIVESTILLLIFE%5D%2Cres%5Bm%5D%2Chmver%5B1%5D&call=url[file:/product/main],"Shirt in washed denim. Collar, pearlescent snap fasteners at front, and chest pockets with flap and snap fastener. Yoke at front and back and long sleeves with button at cuffs. Rounded hem.",,CompositionCotton 100%,Bangladesh,CUTTING EDGE INDUSTRIES LTD,"1612, Dakhin Salna, Salna Bazar, Sadar, 1702, Gazipur",3501-4000,H&M
$34.99,Peplum Blouse,Black/floral,https://lp2.hm.com/hmgoepprod?set=quality%5B79%5D%2Csource%5B%2F17%2F51%2F175100c608773c3714fbc497d0a60f08ded703bf.jpg%5D%2Corigin%5Bdam%5D%2Ccategory%5B%5D%2Ctype%5BDESCRIPTIVESTILLLIFE%5D%2Cres%5Bm%5D%2Chmver%5B1%5D&call=url[file:/product/main],"Blouse in woven viscose fabric. Large collar with gathered lace trim, pearlescent, metal-rimmed buttons at front and at cuffs, and a wide, gathered peplum.",,CompositionViscose 100%,China,GOLD STAR FASHION LIMITED,"Xiaomeng Town, Yanzhou, Jining City, Shandong, 272115, Jining",101-500,H&M
$39.99,Sequined Shirt,Black,https://lp2.hm.com/hmgoepprod?set=quality%5B79%5D%2Csource%5B%2F9a%2Fe9%2F9ae9ac9b139c28ddc0ce40aba754da306533682e.jpg%5D%2Corigin%5Bdam%5D%2Ccategory%5Bladies_shirtsblouses_shirts%5D%2Ctype%5BLOOKBOOK%5D%2Cres%5Bm%5D%2Chmver%5B1%5D&call=url[file:/product/main],"Sequin-embellished shirt in airy mesh. Collar, buttons at front, and yoke at back. Long sleeves, button at cuffs, and short slits at sides. Lined collar stand and cuffs.",,CompositionLining: Polyester 100%Shell: Polyester 100%,China,"SUZHOU LAOHONG KNITTING GARMENT CO.,LTD.","Jiunv Town, Chengwu county, 274200, Heze",101-500,H&M
